RPC,Source,Description,Lithology,Vs [km/s],VpVs ratio,Rho [kg/mÂ³]
104818,RPC,KIAMICHI FORMA. 4,sandstone,1.5957,1.9086,2109.1206
104893,RPC,KIAMICHI REMOLD 3,sandstone,1.5171,1.9779,2090
104652,RPC,NAVAJO ARCO 2,SANDST.,2.0415,1.6476,2131.99
104752,RPC,NAVAJO ARCO REMOL 1,SANDST.,1.6062,1.9894,2184.9392
104598,RPC,FERRON 82-3 1677.5,sandstone,2.4486,1.7306,2472.2308
104601,RPC,FERRON 82-3 1677.5,sandstone,2.4387,1.7711,2458.9597
104617,RPC,FERRON 82-3 1677.5,sandstone,2.7267,1.6624,2397.1364
104700,RPC,NAVAJO ARCO 3,SANDST.,2.085,1.6971,2047.3621
104674,RPC,NAVAJO ARCO 2,SANDST.,2.0154,1.7489,2210.5288
104678,RPC,NAVAJO ARCO 2,SANDST.,2.0808,1.7134,2141.6202
104657,RPC,NAVAJO ARCO 2,SANDST.,2.1177,1.6257,2194.5844
104845,RPC,KIAMICHI FORMA. 1,sandstone,1.9608,1.7096,2080.5501
104666,RPC,NAVAJO ARCO 2,SANDST.,1.8192,1.8361,2158.1718
104649,RPC,NAVAJO ARCO 2,SANDST.,2.0928,1.5859,2191.4937
104711,RPC,NAVAJO ARCO REMOL 3,SANDST.,2.887,1.5213,2178.4004
104777,RPC,NAVAJO ARCO REMOL 3,SANDST.,1.7124,1.9739,2007.8981
104827,RPC,KIAMICHI FORMA. 1,sandstone,1.758,1.7549,2115.6986
104683,RPC,NAVAJO ARCO 2,SANDST.,2.1078,1.7161,2187.0308
104712,RPC,NAVAJO ARCO REMOL 3,SANDST.,3.455,1.5647,2115.2519
104701,RPC,NAVAJO ARCO 3,SANDST.,2.1573,1.6783,2089.8802
104581,RPC,FERRON 82-3 1677.5,sandstone,2.6421,1.5204,2474.6607
104654,RPC,NAVAJO ARCO 2,SANDST.,2.1486,1.5827,2132.7006
104604,RPC,FERRON 82-3 1677.5,sandstone,2.6004,1.6726,2431.9529
104814,RPC,KIAMICHI FORMA. 4,sandstone,1.7346,1.7558,2060.4863
104756,RPC,NAVAJO ARCO REMOL 1,SANDST.,1.6275,1.9703,2145.8217
104828,RPC,KIAMICHI FORMA. 1,sandstone,1.9608,1.5793,2110.1461
104615,RPC,FERRON 82-3 1677.5,sandstone,2.733,1.6617,2430.3765
104817,RPC,KIAMICHI FORMA. 4,sandstone,1.5957,1.8923,2071.6029
104687,RPC,NAVAJO ARCO 3,SANDST.,1.8903,1.647,2079.6865
104608,RPC,FERRON 82-3 1677.5,sandstone,2.6061,1.6748,2397.5048
104612,RPC,FERRON 82-3 1677.5,sandstone,2.7,1.6882,2418.5366
104643,RPC,NAVAJO ARCO 2,SANDST.,2.0133,1.5671,2191.9038
104694,RPC,NAVAJO ARCO 3,SANDST.,2.0256,1.6595,2081.9428
104575,RPC,FERRON 82-3 1677.5,sandstone,2.3733,1.5286,2408.3526
104676,RPC,NAVAJO ARCO 2,SANDST.,2.0187,1.7814,2136.3294
104579,RPC,FERRON 82-3 1677.5,sandstone,2.3733,1.4892,2379.9304
104653,RPC,NAVAJO ARCO 2,SANDST.,2.0448,1.6539,2150
104664,RPC,NAVAJO ARCO 2,SANDST.,1.6458,1.9138,2132.9778
104813,RPC,KIAMICHI FORMA. 4,sandstone,1.7094,1.7622,2128.9407
104890,RPC,KIAMICHI REMOLD 3,sandstone,1.5099,1.9873,2078.2769
104753,RPC,NAVAJO ARCO REMOL 1,SANDST.,1.6275,1.9987,2192.9682
104584,RPC,FERRON 82-3 1677.5,sandstone,2.6421,1.5768,2430.2814
104685,RPC,NAVAJO ARCO 2,SANDST.,2.1114,1.741,2137.4189
104580,RPC,FERRON 82-3 1677.5,sandstone,2.5416,1.5093,2398.0405
104689,RPC,NAVAJO ARCO 3,SANDST.,2.0157,1.6587,2071.9835
104770,RPC,NAVAJO ARCO REMOL 3,SANDST.,1.5288,1.9755,2059.4709
104600,RPC,FERRON 82-3 1677.5,sandstone,2.4198,1.7512,2443.5216
104619,RPC,FERRON 82-3 1677.5,sandstone,2.4078,1.6576,2400.8516
104644,RPC,NAVAJO ARCO 2,SANDST.,1.9533,1.5618,2130.3759
104826,RPC,KIAMICHI FORMA. 1,sandstone,1.6929,1.8003,2081.0904
104843,RPC,KIAMICHI FORMA. 1,sandstone,1.9248,1.6661,2078.0542
104621,RPC,FERRON 82-3 1677.5,sandstone,2.5494,1.6565,2350.5812
104622,RPC,FERRON 82-3 1677.5,sandstone,2.5788,1.6748,2369.1972
104634,RPC,FERRON 82-3 1677.5,sandstone,2.8266,1.6186,2439
104706,RPC,NAVAJO ARCO 3,SANDST.,2.184,1.6898,2082
104669,RPC,NAVAJO ARCO 2,SANDST.,1.8768,1.8314,2204.7144
104856,RPC,KIAMICHI REMOLD 2,sandstone,3.665,1.6145,2164.8756
104830,RPC,KIAMICHI FORMA. 1,sandstone,2.0754,1.5374,2039.4527
104692,RPC,NAVAJO ARCO 3,SANDST.,2.1408,1.6718,2119.1779
104624,RPC,FERRON 82-3 1677.5,sandstone,2.631,1.6981,2410.5673
104593,RPC,FERRON 82-3 1677.5,sandstone,2.8137,1.5679,2426.5584
104594,RPC,FERRON 82-3 1677.5,sandstone,2.8461,1.5612,2462.7498
104616,RPC,FERRON 82-3 1677.5,sandstone,2.742,1.6778,2453.5277
104585,RPC,FERRON 82-3 1677.5,sandstone,2.631,1.5268,2411.7693
104609,RPC,FERRON 82-3 1677.5,sandstone,2.6796,1.6612,2399.8942
104755,RPC,NAVAJO ARCO REMOL 1,SANDST.,1.6176,2.0356,2165.4079
104824,RPC,KIAMICHI FORMA. 4,sandstone,1.626,1.8777,2072.3599
104673,RPC,NAVAJO ARCO 2,SANDST.,1.887,1.8521,2128.8938
104591,RPC,FERRON 82-3 1677.5,sandstone,2.8398,1.548,2451.8346
104586,RPC,FERRON 82-3 1677.5,sandstone,2.7633,1.5414,2408.9367
104645,RPC,NAVAJO ARCO 2,SANDST.,1.9173,1.609,2125.9302
104690,RPC,NAVAJO ARCO 3,SANDST.,2.0523,1.6742,2113
104709,RPC,NAVAJO ARCO 3,SANDST.,2.1783,1.6868,2125
104679,RPC,NAVAJO ARCO 2,SANDST.,2.0673,1.7346,2181
104587,RPC,FERRON 82-3 1677.5,sandstone,2.7573,1.5501,2388.3992
104656,RPC,NAVAJO ARCO 2,SANDST.,2.1507,1.592,2210.6602
104646,RPC,NAVAJO ARCO 2,SANDST.,1.8489,1.6602,2210.1729
104646,RPC,NAVAJO ARCO 2,SANDST.,1.8489,1.6602,2210.1729
104592,RPC,FERRON 82-3 1677.5,sandstone,2.8203,1.5642,2386.0431
104842,RPC,KIAMICHI FORMA. 1,sandstone,1.9233,1.75,2026.9796
104658,RPC,NAVAJO ARCO 2,SANDST.,2.1069,1.6408,2209.7304
104623,RPC,FERRON 82-3 1677.5,sandstone,2.6061,1.6838,2430.0052
104590,RPC,FERRON 82-3 1677.5,sandstone,2.7696,1.5326,2473.8451
104672,RPC,NAVAJO ARCO 2,SANDST.,1.8684,1.8473,2151
104852,RPC,KIAMICHI REMOLD 2,sandstone,3.083,1.697,2127.77
104668,RPC,NAVAJO ARCO 2,SANDST.,1.86,1.8479,2207.6254
104829,RPC,KIAMICHI FORMA. 1,sandstone,2.0319,1.5467,2109.0879
104837,RPC,KIAMICHI FORMA. 1,sandstone,1.89,1.7549,2053
104855,RPC,KIAMICHI REMOLD 2,sandstone,2.954,1.6209,2134.0646
104698,RPC,NAVAJO ARCO 3,SANDST.,2.0991,1.7402,2088.5759
104680,RPC,NAVAJO ARCO 2,SANDST.,2.0742,1.7388,2184.1228
104662,RPC,NAVAJO ARCO 2,SANDST.,2.1693,1.6229,2146.3842
104574,RPC,FERRON 82-3 1677.5,sandstone,2.3154,1.4881,2445.3341
104841,RPC,KIAMICHI FORMA. 1,sandstone,1.935,1.7209,2084.6334
104583,RPC,FERRON 82-3 1677.5,sandstone,2.6421,1.5558,2440.4588
104754,RPC,NAVAJO ARCO REMOL 1,SANDST.,1.6275,1.9987,2166.2202
104667,RPC,NAVAJO ARCO 2,SANDST.,1.8489,1.8262,2206.1938
104688,RPC,NAVAJO ARCO 3,SANDST.,1.9479,1.6562,2115.1836
104648,RPC,NAVAJO ARCO 2,SANDST.,1.9611,1.5614,2175.1537
104702,RPC,NAVAJO ARCO 3,SANDST.,2.1426,1.72,2073.7493
104775,RPC,NAVAJO ARCO REMOL 3,SANDST.,1.7415,1.8307,2015.5767
104628,RPC,FERRON 82-3 1677.5,sandstone,2.733,1.62,2351.9722
104659,RPC,NAVAJO ARCO 2,SANDST.,2.1981,1.5837,2197
104771,RPC,NAVAJO ARCO REMOL 3,SANDST.,1.5213,2.0454,2060.5531
104632,RPC,FERRON 82-3 1677.5,sandstone,2.7852,1.5953,2430.7511
104650,RPC,NAVAJO ARCO 2,SANDST.,2.1486,1.5698,2208.8304
104631,RPC,FERRON 82-3 1677.5,sandstone,2.7207,1.6015,2385.2903
105090,RPC,Gas sand tight streak,sandstone,1.78,1.8258,2425.7601
104713,RPC,NAVAJO ARCO REMOL 3,SANDST.,3.379,1.7313,2096.1722
104614,RPC,FERRON 82-3 1677.5,sandstone,2.7267,1.6594,2457.0679
104602,RPC,FERRON 82-3 1677.5,sandstone,2.4387,1.7171,2400.6189
104891,RPC,KIAMICHI REMOLD 3,sandstone,1.5423,1.98,2099.4915
104844,RPC,KIAMICHI FORMA. 1,sandstone,1.9668,1.6623,2066.5739
104603,RPC,FERRON 82-3 1677.5,sandstone,2.5416,1.6876,2403.1474
104684,RPC,NAVAJO ARCO 2,SANDST.,2.1114,1.7258,2133.2576
104577,RPC,FERRON 82-3 1677.5,sandstone,2.4009,1.6053,2417.3564
104595,RPC,FERRON 82-3 1677.5,sandstone,2.3892,1.6979,2467.3356
104613,RPC,FERRON 82-3 1677.5,sandstone,2.6853,1.6637,2466.6559
104704,RPC,NAVAJO ARCO 3,SANDST.,2.1225,1.7866,2056.4048
104637,RPC,FERRON 82-3 1677.5,sandstone,2.8332,1.6029,2356.3583
104636,RPC,FERRON 82-3 1677.5,sandstone,2.7948,1.5956,2419.0819
104699,RPC,NAVAJO ARCO 3,SANDST.,2.094,1.7809,2094.4294
104832,RPC,KIAMICHI FORMA. 1,sandstone,1.7616,1.7491,2070.43
104848,RPC,KIAMICHI REMOLD 2,sandstone,2.182,1.5073,2076.7107
104695,RPC,NAVAJO ARCO 3,SANDST.,2.0886,1.6658,2062.6721
104661,RPC,NAVAJO ARCO 2,SANDST.,2.1921,1.5881,2174.2282
104778,RPC,NAVAJO ARCO REMOL 3,SANDST.,1.7463,1.8303,2069.8746
104610,RPC,FERRON 82-3 1677.5,sandstone,2.6823,1.6685,2474.5157
104597,RPC,FERRON 82-3 1677.5,sandstone,2.4804,1.6796,2468.8438
104831,RPC,KIAMICHI FORMA. 1,sandstone,2.1033,1.5384,2102.4853
104576,RPC,FERRON 82-3 1677.5,sandstone,2.3916,1.5533,2378.5408
104686,RPC,NAVAJO ARCO 2,SANDST.,2.1042,1.714,2132.8998
104626,RPC,FERRON 82-3 1677.5,sandstone,2.6367,1.6154,2366.8753
104819,RPC,KIAMICHI FORMA. 4,sandstone,1.6101,1.9201,2092.0754
104642,RPC,NAVAJO ARCO 2,SANDST.,1.8939,1.5991,2149.2492
104633,RPC,FERRON 82-3 1677.5,sandstone,2.8074,1.6117,2409.5349
104651,RPC,NAVAJO ARCO 2,SANDST.,2.0616,1.6206,2142.4659
104840,RPC,KIAMICHI FORMA. 1,sandstone,1.9248,1.7096,2038.4523
104703,RPC,NAVAJO ARCO 3,SANDST.,2.1426,1.7459,2096
104703,RPC,NAVAJO ARCO 3,SANDST.,2.1426,1.7459,2096
104660,RPC,NAVAJO ARCO 2,SANDST.,2.2515,1.5905,2155.01
104894,RPC,KIAMICHI REMOLD 3,sandstone,2.875,2.0845,2086.5619
104850,RPC,KIAMICHI REMOLD 2,sandstone,2.872,1.6365,2145.9706
104627,RPC,FERRON 82-3 1677.5,sandstone,2.706,1.6045,2442.8306
104823,RPC,KIAMICHI FORMA. 4,sandstone,1.6293,1.9263,2134.0896
104655,RPC,NAVAJO ARCO 2,SANDST.,2.1981,1.5904,2192.7577
104835,RPC,KIAMICHI FORMA. 1,sandstone,1.8744,1.7153,2043.0843
104747,RPC,NAVAJO ARCO REMOL 1,SANDST.,1.4673,2.0468,2175.2944
104675,RPC,NAVAJO ARCO 2,SANDST.,2.0154,1.7565,2153.0333
104839,RPC,KIAMICHI FORMA. 1,sandstone,1.9218,1.673,2077.8072
104768,RPC,NAVAJO ARCO REMOL 3,SANDST.,1.5186,2.0336,2011.3498
104772,RPC,NAVAJO ARCO REMOL 3,SANDST.,1.5636,2.0311,2017.3667
104629,RPC,FERRON 82-3 1677.5,sandstone,2.7543,1.6309,2441.1119
104717,RPC,NAVAJO ARCO REMOL 3,SANDST.,3.592,1.6445,2097.9055
104696,RPC,NAVAJO ARCO 3,SANDST.,2.1027,1.6733,2105.4096
104639,RPC,FERRON 82-3 1677.5,sandstone,2.8692,1.6185,2349.1268
104611,RPC,FERRON 82-3 1677.5,sandstone,2.6913,1.6812,2415.1459
104606,RPC,FERRON 82-3 1677.5,sandstone,2.6226,1.6732,2470.8407
104834,RPC,KIAMICHI FORMA. 1,sandstone,1.8705,1.6845,2113.9986
104670,RPC,NAVAJO ARCO 2,SANDST.,1.8408,1.8828,2113.4229
104638,RPC,FERRON 82-3 1677.5,sandstone,2.856,1.6079,2435.8029
104851,RPC,KIAMICHI REMOLD 2,sandstone,2.88,1.733,2096.2877
104596,RPC,FERRON 82-3 1677.5,sandstone,2.4222,1.6859,2448.7025
104691,RPC,NAVAJO ARCO 3,SANDST.,2.1009,1.6771,2132.0222
104833,RPC,KIAMICHI FORMA. 1,sandstone,1.8231,1.6944,2048.2403
104605,RPC,FERRON 82-3 1677.5,sandstone,2.6088,1.682,2431.7366
104822,RPC,KIAMICHI FORMA. 4,sandstone,1.5885,1.9316,2111.4374
104665,RPC,NAVAJO ARCO 2,SANDST.,1.7268,1.869,2173.1039
104588,RPC,FERRON 82-3 1677.5,sandstone,2.745,1.568,2406.5916
104821,RPC,KIAMICHI FORMA. 4,sandstone,1.6251,1.8765,2128.4024
104630,RPC,FERRON 82-3 1677.5,sandstone,2.7759,1.639,2371.8637
104773,RPC,NAVAJO ARCO REMOL 3,SANDST.,1.6086,2.0453,2082.14
104748,RPC,NAVAJO ARCO REMOL 1,SANDST.,1.5,2.0548,2141.2712
104750,RPC,NAVAJO ARCO REMOL 1,SANDST.,1.4658,2.1748,2200
104635,RPC,FERRON 82-3 1677.5,sandstone,2.8461,1.6255,2422.9971
104892,RPC,KIAMICHI REMOLD 3,sandstone,1.4892,2.0725,2089.2561
104847,RPC,KIAMICHI FORMA. 1,sandstone,1.9791,1.6782,2093.6877
104697,RPC,NAVAJO ARCO 3,SANDST.,2.1135,1.7057,2132.0208
104677,RPC,NAVAJO ARCO 2,SANDST.,2.0286,1.7181,2189.3512
104846,RPC,KIAMICHI FORMA. 1,sandstone,1.9731,1.7172,2038.8397
104671,RPC,NAVAJO ARCO 2,SANDST.,1.8327,1.8226,2153.5086
104618,RPC,FERRON 82-3 1677.5,sandstone,2.3664,1.6624,2349.7948
104708,RPC,NAVAJO ARCO 3,SANDST.,2.1726,1.7426,2115
104625,RPC,FERRON 82-3 1677.5,sandstone,2.5365,1.6425,2377.9346
104707,RPC,NAVAJO ARCO 3,SANDST.,2.1744,1.7151,2061.1528
104776,RPC,NAVAJO ARCO REMOL 3,SANDST.,1.6842,1.9587,2060.2319
104607,RPC,FERRON 82-3 1677.5,sandstone,2.6253,1.6987,2402.5264
104749,RPC,NAVAJO ARCO REMOL 1,SANDST.,1.4595,2.1486,2163.2139
104582,RPC,FERRON 82-3 1677.5,sandstone,2.6478,1.5372,2470.0152
104620,RPC,FERRON 82-3 1677.5,sandstone,2.4981,1.6455,2425
104836,RPC,KIAMICHI FORMA. 1,sandstone,1.8759,1.7542,2109.3285
104578,RPC,FERRON 82-3 1677.5,sandstone,2.4009,1.6154,2468.3633
104849,RPC,KIAMICHI REMOLD 2,sandstone,2.406,1.6056,2109.8846
104589,RPC,FERRON 82-3 1677.5,sandstone,2.745,1.5734,2425.2311
104705,RPC,NAVAJO ARCO 3,SANDST.,2.1189,1.7113,2054.8021
104640,RPC,FERRON 82-3 1677.5,sandstone,2.8365,1.6011,2364.6583
104681,RPC,NAVAJO ARCO 2,SANDST.,2.0778,1.7537,2113.0096
104710,RPC,NAVAJO ARCO REMOL 3,SANDST.,2.648,1.423,2116.2235
104682,RPC,NAVAJO ARCO 2,SANDST.,2.0709,1.7191,2185.7369
104599,RPC,FERRON 82-3 1677.5,sandstone,2.4315,1.7368,2467
104693,RPC,NAVAJO ARCO 3,SANDST.,2.1555,1.6749,2121.2656
104751,RPC,NAVAJO ARCO REMOL 1,SANDST.,1.4754,2.0539,2200.62
101023,RPC,Gray Shale,shale,2.9573,1.6751,2716.6386
100978,RPC,Olentangy Shale,shale,2.318,1.486,2695.5085
100993,RPC,Brown Gas Shale,shale,2.2185,1.5811,2561.0159
101048,RPC,Shale 2 (Density is assumed constant),shale,1.6333,1.8299,2564.4067
100417,RPC,Tight gas shale,shale,2.221,1.6398,2419.4478
101024,RPC,Gray Shale,shale,2.9635,1.6828,2699.4527
100969,RPC,Marcellus Black Shale,shale,2.5871,1.6991,2543.2687
100073,RPC,Hard shale,shale,2.521,1.5149,2577.6567
101057,RPC,Shale 2 (Density is assumed constant),shale,1.6333,1.8571,2605.8342
100050,RPC,Shale,shale,1.4472,1.6603,2387.8966
100124,RPC,Pierre shale,shale,0.969,2.2724,2292.8028
100999,RPC,Brown Gas Shale,shale,2.4447,1.5925,2548
100052,RPC,Shale,shale,1.4877,1.6866,2324.6281
100829,RPC,Jurassic Shale (Table 7.2) Outcrop,shale,1.83,1.9372,2536.7311
100063,RPC,Hard shale,shale,2.3779,1.5672,2599.4952
100982,RPC,Olentangy Shale,shale,2.4586,1.5255,2690.8248
100068,RPC,Hard shale,shale,2.6278,1.5093,2626.5874
100738,RPC,Beijing Jurassic Shale,shale,2.2621,2.3246,2574.2032
100836,RPC,Kimmeridge Shale,shale,1.958,1.8739,2573.4981
100082,RPC,Hard shale,shale,2.6877,1.6404,2645.9719
100125,RPC,Shale,shale,1.49,2.0456,2377.0331
100436,RPC,Caney Shale,shale,1.0847,1.3744,2259.8269
101108,RPC,Oficina Dolomitized Shale,shale,3.024,1.7166,2734.5168
100129,RPC,Green River shale,shale,2.582,1.7057,2309.5991
100368,RPC,Bakken Formation,shale,2.4,1.6042,2495.4475
100977,RPC,Olentangy Shale,shale,2.2527,1.4374,2649.9338
101004,RPC,Brown Gas Shale,shale,2.7386,1.7245,2526.3606
100963,RPC,Marcellus Black Shale,shale,2.3448,1.6151,2491.1918
100986,RPC,Olentangy Shale,shale,2.6766,1.6755,2641.3353
101007,RPC,Brown Gas Shale,shale,2.9448,1.7216,2545
101055,RPC,Shale 2 (Density is assumed constant),shale,1.6648,1.8287,2614.1916
100985,RPC,Olentangy Shale,shale,2.6274,1.644,2726.3571
100739,RPC,Beijing Jurassic Shale,shale,2.2761,2.3375,2594.0664
101050,RPC,Shale 2 (Density is assumed constant),shale,1.6241,1.7788,2564.9613
100965,RPC,Marcellus Black Shale,shale,2.3952,1.6372,2552.1129
100077,RPC,Hard shale,shale,2.2768,1.666,2599.9851
100046,RPC,Shale,shale,1.341,1.7084,2275.3504
100816,RPC,Woodford Shale,shale,1.562,1.831,2279.9005
100814,RPC,Woodford Shale,shale,1.65,1.8061,2065.8112
100035,RPC,Shale,shale,1.5726,2.0572,2518.2298
100033,RPC,Shale,shale,1.7495,1.9675,2444.8802
100058,RPC,Shale,shale,1.379,1.9876,2464.7528
100031,RPC,Shale,shale,1.6033,1.9951,2401
101005,RPC,Brown Gas Shale,shale,2.8777,1.6654,2548.3662
101013,RPC,Gray Shale,shale,2.4898,1.6165,2759.57
100120,RPC,Wills Point shale,shale,2.38,1.7353,2635.4987
100964,RPC,Marcellus Black Shale,shale,2.3617,1.6323,2528.8584
100599,RPC,Laminated Mudstone,shale,1.342,2.2675,2479.5697
100732,RPC,Beijing Jurassic Shale,shale,1.9439,2.569,2507.0222
101056,RPC,Shale 2 (Density is assumed constant),shale,1.6444,1.839,2634.9211
101045,RPC,Shale 2 (Density is assumed constant),shale,1.5667,1.8156,2634.3678
100817,RPC,Woodford Shale,shale,1.492,1.6971,2223.3131
100837,RPC,Kimmeridge Shale,shale,1.996,1.8717,2570.0069
101100,RPC,Oficina Sandy Shale,shale,2.02,1.5441,2355.3037
100101,RPC,Mesaverde clayshale,shale,2.074,1.8293,2541.7046
100833,RPC,Kimmeridge Shale,shale,1.863,1.8658,2637.6569
100034,RPC,Shale,shale,1.5316,2.0358,2501.2963
100972,RPC,Marcellus Black Shale,shale,2.7002,1.768,2546.2404
101053,RPC,Shale 2 (Density is assumed constant),shale,1.6556,1.8993,2613.2435
100825,RPC,Jurassic Shale (Table 7.2) Outcrop,shale,1.401,2.142,2531.1663
101097,RPC,Oficina Sandy Shale,shale,1.936,1.4509,2343
100080,RPC,Hard shale,shale,2.6603,1.6035,2580.9785
100121,RPC,Cotton Valley Shale,shale,2.89,1.6336,2650.7707
101104,RPC,Oficina Sandy Shale,shale,2.127,1.6117,2418.4607
100071,RPC,Hard shale,shale,2.496,1.4939,2635.3609
100390,RPC,Alberta Shale,shale,2.6,1.5,2646
101111,RPC,Oficina Dolomitized Shale,shale,3.04,1.725,2754
100411,RPC,Tight gas shale,shale,2.124,1.588,2382.6978
100989,RPC,Olentangy Shale,shale,2.7657,1.7544,2690.9856
101014,RPC,Gray Shale,shale,2.5557,1.6243,2683.8199
100362,RPC,Bakken Formation,shale,2.12,1.5943,2224.39
100067,RPC,Hard shale,shale,2.5795,1.4939,2644.3748
100834,RPC,Kimmeridge Shale,shale,1.895,1.8744,2595.8612
100040,RPC,Shale,shale,2.0484,1.8245,2595.1482
101011,RPC,Gray Shale,shale,2.3916,1.6044,2713.8711
100078,RPC,Hard shale,shale,2.2887,1.6951,2540.2663
100991,RPC,Olentangy Shale,shale,2.8258,1.7773,2688.5843
101109,RPC,Oficina Dolomitized Shale,shale,3.031,1.7179,2773.4085
100996,RPC,Brown Gas Shale,shale,2.4044,1.5531,2523.5462
100422,RPC,Tight gas shale,shale,2.382,1.6524,2586
101099,RPC,Oficina Sandy Shale,shale,1.987,1.5113,2406.5545
100045,RPC,Shale,shale,1.6993,1.9856,2504.5083
100061,RPC,Shale,shale,1.4243,2.0651,2466
100737,RPC,Beijing Jurassic Shale,shale,2.2192,2.3512,2587.7661
101098,RPC,Oficina Sandy Shale,shale,1.954,1.4734,2359.8972
100971,RPC,Marcellus Black Shale,shale,2.648,1.7613,2483.5251
100366,RPC,Bakken Formation,shale,2.52,1.6706,2575.4865
100437,RPC,Woodford,shale,2.4616,1.4907,2532.1394
100597,RPC,Laminated Mudstone,shale,1.459,2.1014,2544.0304
100048,RPC,Shale,shale,1.4023,1.7181,2269.7165
100059,RPC,Shale,shale,1.3952,2.0162,2433.4372
101101,RPC,Oficina Sandy Shale,shale,2.048,1.5669,2412.7781
100097,RPC,Mesaverde clayshale,shale,2.055,1.9114,2584.5261
100980,RPC,Olentangy Shale,shale,2.3815,1.539,2667.8775
100598,RPC,Lenticular & Laminated Mudstone,shale,1.721,2.0006,2486
100365,RPC,Bakken Formation,shale,1.86,1.7688,2397.1194
100105,RPC,Mesaverde mudshale,shale,2.998,1.6921,2682.3098
100147,RPC,Anisotropic shale,shale,1.508,1.8203,2321.0121
100962,RPC,Marcellus Black Shale,shale,2.3019,1.6292,2545.7079
100835,RPC,Kimmeridge Shale,shale,1.928,1.8683,2613.4084
100420,RPC,Tight gas shale,shale,2.14,1.6879,2469.0523
100979,RPC,Olentangy Shale,shale,2.334,1.517,2646
100438,RPC,Woodford,shale,2.4843,1.4097,2588.3374
101058,RPC,Shale 2 (Density is assumed constant),shale,1.7111,1.7987,2622.1732
100060,RPC,Shale,shale,1.4099,2.0342,2440.6804
100069,RPC,Hard shale,shale,2.6559,1.5315,2615.2963
100064,RPC,Hard shale,shale,2.3956,1.5817,2643.0683
100997,RPC,Brown Gas Shale,shale,2.4044,1.5918,2535.7486
100826,RPC,Jurassic Shale (Table 7.2) Outcrop,shale,1.52,2.0526,2494.1752
100238,RPC,Jurassic North Sea Shale,shale,1.66,1.9855,2456.8693
100838,RPC,Kimmeridge Shale,shale,2.02,1.8698,2615.4721
101112,RPC,Oficina Dolomitized Shale,shale,3.047,1.7286,2807.0509
100076,RPC,Hard shale,shale,2.2647,1.6352,2555.3219
100410,RPC,Tight gas shale,shale,2.307,1.5306,2422.1809
101001,RPC,Brown Gas Shale,shale,2.5617,1.6673,2523.8806
100973,RPC,Marcellus Black Shale,shale,2.7368,1.782,2473.8237
100815,RPC,Woodford Shale,shale,1.61,1.8025,2151
100828,RPC,Jurassic Shale (Table 7.2) Outcrop,shale,1.762,1.9501,2473.8318
101062,RPC,Shale 2 (Density is assumed constant),shale,1.8778,1.8462,2615.9727
100364,RPC,Bakken Formation,shale,2.03,1.7291,2373.3542
100032,RPC,Shale,shale,1.6866,1.9927,2359.5803
100367,RPC,Bakken Formation,shale,2.25,1.6533,2392.4133
101102,RPC,Oficina Sandy Shale,shale,2.076,1.5853,2381.4508
100984,RPC,Olentangy Shale,shale,2.5699,1.6051,2666.3869
100425,RPC,Tight gas shale,shale,2.168,1.6315,2441.5336
100036,RPC,Shale,shale,1.62,2.0458,2493.7917
100418,RPC,Tight gas shale,shale,2.104,1.5276,2418.5508
100092,RPC,Mesaverde mudshale,shale,2.703,1.6755,2552.6567
101103,RPC,Oficina Sandy Shale,shale,2.103,1.5982,2354.1588
100394,RPC,Nahr Umr Shale,shale,1.622,2.5635,2587.7259
100057,RPC,Shale,shale,1.5789,2.124,2479.1131
100416,RPC,Tight gas shale,shale,2.314,1.522,2395.6102
100818,RPC,Woodford Shale,shale,1.571,1.6645,2217.2038
101016,RPC,Gray Shale,shale,2.7098,1.6149,2728.1898
101019,RPC,Gray Shale,shale,2.8557,1.627,2691.3528
100831,RPC,Kimmeridge Shale,shale,1.706,1.9027,2601.4657
100433,RPC,Barnett Shale,shale,1.6802,1.446,2345.1165
100043,RPC,Shale,shale,1.6062,2.0065,2543.3064
100987,RPC,Olentangy Shale,shale,2.7318,1.6897,2678.9803
100053,RPC,Shale,shale,1.4948,1.6926,2335
100832,RPC,Kimmeridge Shale,shale,1.811,1.873,2594.3647
100990,RPC,Olentangy Shale,shale,2.7859,1.7664,2659.6142
100551,RPC,NW Shelf Australia Shale,shale,2.25,1.3693,2406.3008
100065,RPC,Hard shale,shale,2.4092,1.5936,2597.6421
101042,RPC,Shale 2 (Density is assumed constant),shale,1.5556,1.8857,2637.7557
100970,RPC,Marcellus Black Shale,shale,2.6253,1.727,2538.4
100081,RPC,Hard shale,shale,2.6755,1.6199,2574.8707
100042,RPC,Shale,shale,2.1699,1.8028,2584
101010,RPC,Gray Shale,shale,2.3605,1.5988,2677
101003,RPC,Brown Gas Shale,shale,2.6369,1.7498,2584.0208
100976,RPC,Marcellus Black Shale,shale,2.8298,1.8312,2539.5938
100434,RPC,Caney Shale,shale,1.1448,1.4606,2337.6129
101015,RPC,Gray Shale,shale,2.5844,1.6302,2758.1949
100054,RPC,Shale,shale,1.3477,2.2855,2419.8382
101002,RPC,Brown Gas Shale,shale,2.6295,1.6774,2609.1219
101106,RPC,Oficina Dolomitized Shale,shale,3.021,1.712,2774.9867
100079,RPC,Hard shale,shale,2.6385,1.5817,2549.8436
101017,RPC,Gray Shale,shale,2.7504,1.6185,2680.8629
100968,RPC,Marcellus Black Shale,shale,2.5169,1.6786,2486.4911
100363,RPC,Bakken Formation,shale,2,1.73,2304.4744
100415,RPC,Tight gas shale,shale,2.453,1.5817,2502.6887
100216,RPC,Greenhorn Shale (5kft @ 1bar),shale,1.49,2.0456,2378.5432
100413,RPC,Tight gas shale,shale,2.349,1.4951,2495.2908
101114,RPC,Oficina Dolomitized Shale,shale,3.058,1.7279,2823.2877
100038,RPC,Shale,shale,1.6986,1.9896,2460.0751
100426,RPC,Tight gas shale,shale,2.175,1.6,2490
100966,RPC,Marcellus Black Shale,shale,2.4118,1.6407,2546.7544
100072,RPC,Hard shale,shale,2.5089,1.5046,2667.1024
100126,RPC,Shale,shale,1.49,2.2664,2413.1634
101020,RPC,Gray Shale,shale,2.8814,1.6492,2661.8037
101107,RPC,Oficina Dolomitized Shale,shale,3.021,1.715,2803.5911
100074,RPC,Hard shale,shale,2.5354,1.5266,2602.0797
100432,RPC,Barnett Shale,shale,2.2352,1.3376,2551.2509
100981,RPC,Olentangy Shale,shale,2.4357,1.5316,2634
100049,RPC,Shale,shale,1.4206,1.724,2269.4224
100066,RPC,Hard shale,shale,2.4267,1.6081,2642.6244
100066,RPC,Hard shale,shale,2.4267,1.6081,2642.6244
101043,RPC,Shale 2 (Density is assumed constant),shale,1.5778,1.838,2637.5508
100994,RPC,Brown Gas Shale,shale,2.2793,1.568,2526.1055
101008,RPC,Brown Gas Shale,shale,2.9843,1.7206,2564
100055,RPC,Shale,shale,1.4629,2.1976,2420.2559
101009,RPC,Gray Shale,shale,2.207,1.3899,2664.8891
101009,RPC,Gray Shale,shale,2.207,1.3899,2664.8891
100107,RPC,Mesaverde mudshale,shale,2.471,1.7386,2692.0376
100974,RPC,Marcellus Black Shale,shale,2.7729,1.7952,2503.9938
100056,RPC,Shale,shale,1.5234,2.1581,2402.0816
100736,RPC,Beijing Jurassic Shale,shale,2.1887,2.3669,2530.8443
101063,RPC,Mancos Shale (Decane Saturated),shale,2.1176,1.6253,2607.5487
100735,RPC,Beijing Jurassic Shale,shale,2.1343,2.4174,2501.6024
100435,RPC,Caney Shale,shale,1.1234,1.5086,2272.4376
101018,RPC,Gray Shale,shale,2.8167,1.6153,2736.8845
100047,RPC,Shale,shale,1.3759,1.7135,2365.2379
100051,RPC,Shale,shale,1.4705,1.6761,2382
100128,RPC,Green River shale,shale,2.432,1.7134,2337.9858
100998,RPC,Brown Gas Shale,shale,2.4367,1.5853,2564.3954
101105,RPC,Oficina Sandy Shale,shale,2.136,1.6166,2392
100062,RPC,Shale,shale,1.4344,2.0944,2445.0681
101113,RPC,Oficina Dolomitized Shale,shale,3.054,1.7246,2781.6913
100424,RPC,Tight gas shale,shale,2.329,1.5182,2421.7737
100992,RPC,Olentangy Shale,shale,2.8455,1.7896,2667.2169
100044,RPC,Shale,shale,1.6677,1.9936,2570.0527
100975,RPC,Marcellus Black Shale,shale,2.7873,1.8215,2521.5015
100145,RPC,Limestone-shale,limestone,1.819,1.8175,2442.3054
100146,RPC,LS-anisotropic shale,limestone,1.819,1.8175,2462.3277
101422,RPC,DSDP S.210 616 M,limestone,0.4413,4.6588,2112.0846
101423,RPC,DSDP S.210 616 M,limestone,0.4413,4.7078,2121.2965
101486,RPC,DSDP S.288 270 M,limestone,0.732,2.7647,1830.9624
101487,RPC,DSDP S.288 270 M,limestone,0.7428,2.7968,1866.1857
101488,RPC,DSDP S.288 271.0M,limestone,0.6998,2.8453,1782.7296
101489,RPC,DSDP S.288 271.0M,limestone,0.6352,3.186,1745
101490,RPC,DSDP S.288 271.5M,limestone,0.7211,2.7015,1830.8297
101491,RPC,DSDP S.288 271.5M,limestone,0.6782,2.9361,1764.2368
101492,RPC,DSDP S.288 307.0M,limestone,0.7536,2.6996,1913.9079
101493,RPC,DSDP S.288 307.0M,limestone,0.7966,2.6619,1908.0126
101495,RPC,DSDP S.288 346.0M,limestone,1.0118,2.2341,1848.4356
101496,RPC,DSDP S.288 346.0M,limestone,1.0118,2.298,1894.5643
101497,RPC,DSDP S.288 346.5M,limestone,0.958,2.3144,1836.6113
101498,RPC,DSDP S.288 346.5M,limestone,0.9472,2.3976,1880.3584
101499,RPC,DSDP S.288 383 M,limestone,0.6565,2.902,1830.0741
101500,RPC,DSDP S.288 383 M,limestone,0.6565,2.9675,1785.7428
101503,RPC,DSDP S.288 420.0M,limestone,0.8825,2.3662,1804.8099
101504,RPC,DSDP S.288 420.0M,limestone,0.8825,2.4881,1794.6114
101505,RPC,DSDP S.288 420.5M,limestone,1.0764,2.21,1847.4383
101506,RPC,DSDP S.288 420.5M,limestone,1.0764,2.2499,1877.1246
101507,RPC,DSDP S.288 458.0M,limestone,0.8396,2.7178,1859.7668
101508,RPC,DSDP S.288 458.0M,limestone,0.7858,2.767,1870.3092
101509,RPC,DSDP S.288 458.5M,limestone,0.689,2.9057,1882.2918
101510,RPC,DSDP S.288 458.5M,limestone,0.7103,2.849,1912.2643
101511,RPC,DSDP S.288 459.0M,limestone,0.6998,2.9377,1926.2362
101512,RPC,DSDP S.288 459.0M,limestone,0.689,2.9995,1916.2566
101513,RPC,DSDP S.288 459.5M,limestone,0.7103,2.7427,1880.3113
101515,RPC,DSDP S.288 535.0M,limestone,0.5814,3.4436,1829.9832
101516,RPC,DSDP S.288 535.0M,limestone,0.5919,3.3099,1825.1661
101517,RPC,DSDP S.288 535.5M,limestone,0.5381,3.6408,1721.7535
101518,RPC,DSDP S.288 535.5M,limestone,0.5381,3.7006,1773.9318
101527,RPC,DSDP S.288 609 M,limestone,0.6457,2.9009,1882.0653
101528,RPC,DSDP S.288 609 M,limestone,0.6457,3.0005,1876.1917
101533,RPC,DSDP S.288 686 M,limestone,0.5489,3.471,1967.9525
101534,RPC,DSDP S.288 686 M,limestone,0.5597,3.5768,1922.8885
101535,RPC,DSDP S.288 743 M,limestone,1.0656,2.2928,2201.0596
101536,RPC,DSDP S.288 743 M,limestone,1.0548,2.5104,2209.6958
101537,RPC,DSDP S.288 744 M,limestone,1.0764,2.1999,2026.0379
101538,RPC,DSDP S.288 744 M,limestone,1.1194,2.3077,2031.4093
101539,RPC,DSDP S.288 745 M,limestone,1.1194,2.1442,1997.6938
101540,RPC,DSDP S.288 745 M,limestone,1.2917,2.0833,2028.6098
101545,RPC,DSDP S.288 847 M,limestone,1.4423,1.9404,2118.0149
101546,RPC,DSDP S.288 847 M,limestone,1.5285,1.9436,2074.4059
101547,RPC,DSDP S.288 848.0M,limestone,1.4531,1.9408,2120.3624
101548,RPC,DSDP S.288 848.0M,limestone,1.4856,2.0868,2106.7083
101549,RPC,DSDP S.288 848.5M,limestone,1.5069,1.9928,2158.8313
101550,RPC,DSDP S.288 848.5M,limestone,1.5285,2.0421,2114.6567
101551,RPC,DSDP S.288 849.0M,limestone,1.3776,1.969,2126.7259
101552,RPC,DSDP S.288 849.0M,limestone,1.4209,2.0907,2198.8291
101553,RPC,DSDP S.288 849.5M,limestone,1.3776,1.8674,2100.7835
101554,RPC,DSDP S.288 849.5M,limestone,1.3993,2.0924,2155.2265
101555,RPC,DSDP S.288 849.7M,limestone,1.3671,1.8896,2130.1501
101556,RPC,DSDP S.288 849.7M,limestone,1.3671,2.0629,2177.0756
101563,RPC,DSDP S.288 857 M,limestone,1.4747,1.7517,2106
101564,RPC,DSDP S.288 857 M,limestone,1.6145,1.8334,2102.1939
101567,RPC,DSDP S.288 859.5M,limestone,1.7654,1.8779,2321.6369
101573,RPC,DSDP S.288 868.0M,limestone,1.8405,1.7661,2295.8731
101574,RPC,DSDP S.288 868.0M,limestone,1.873,1.9136,2236.6658
101575,RPC,DSDP S.288 868.5M,limestone,1.3993,1.8539,2146.2314
101576,RPC,DSDP S.288 868.5M,limestone,1.4531,2.0075,2140.6272
101577,RPC,DSDP S.288 876 M,limestone,1.3776,2.0002,2156.5144
101578,RPC,DSDP S.288 876 M,limestone,1.4209,2.0302,2081.4263
101579,RPC,DSDP S.288 877 M,limestone,1.7868,1.8013,2266.9144
101580,RPC,DSDP S.288 877 M,limestone,1.873,1.8849,2313.7796
101581,RPC,DSDP S.288 879 M,limestone,1.8835,1.823,2360.7892
101585,RPC,DSDP S.288 914 M,limestone,1.3455,1.9439,2176.3008
101586,RPC,DSDP S.288 914 M,limestone,1.3993,2.2155,2127.8012
101591,RPC,DSDP S.288 971 M,limestone,1.5285,1.9436,2282.4299
101592,RPC,DSDP S.288 971 M,limestone,1.5932,2.0404,2308.8636
101593,RPC,DSDP S.288 981 M,limestone,1.8297,1.8472,2426.6709
101682,RPC,DSDP S.289 430 M,limestone,0.6998,2.9531,1778.9898
101683,RPC,DSDP S.289 430 M,limestone,0.6352,3.3213,1735.9672
101687,RPC,DSDP S.289 499 M,limestone,0.6457,3.2673,1808.8813
101695,RPC,DSDP S.289 551 M,limestone,0.8287,2.6884,1777.1923
101696,RPC,DSDP S.289 551 M,limestone,0.7966,2.8509,1778.1485
101699,RPC,DSDP S.289 582 M,limestone,0.7966,2.7834,1807.9159
101700,RPC,DSDP S.289 582 M,limestone,0.7536,2.8994,1844.4979
101701,RPC,DSDP S.289 590 M,limestone,0.8612,2.6122,1843
101702,RPC,DSDP S.289 590 M,limestone,0.8396,2.6538,1867.2439
101703,RPC,DSDP S.289 601 M,limestone,0.8287,2.7926,1867.3117
101704,RPC,DSDP S.289 601 M,limestone,0.7536,2.9996,1917.5085
101705,RPC,DSDP S.289 610 M,limestone,0.8504,2.6582,1792.9096
101706,RPC,DSDP S.289 610 M,limestone,0.8179,2.7373,1819.0422
101707,RPC,DSDP S.289 611 M,limestone,0.9042,2.5475,1758
101708,RPC,DSDP S.289 611 M,limestone,0.9042,2.4761,1773.3808
101709,RPC,DSDP S.289 618 M,limestone,1.0226,2.3157,1859.9258
101710,RPC,DSDP S.289 618 M,limestone,1.0226,2.3365,1820.2442
101711,RPC,DSDP S.289 622 M,limestone,1.0335,2.354,1879.5706
101712,RPC,DSDP S.289 622 M,limestone,1.0548,2.3266,1845
101713,RPC,DSDP S.289 628 M,limestone,0.958,2.3596,1855.4361
101714,RPC,DSDP S.289 628 M,limestone,0.8825,2.6346,1891.8538
101719,RPC,DSDP S.289 656 M,limestone,0.8825,2.5491,1854.5816
101720,RPC,DSDP S.289 656 M,limestone,0.8179,2.8428,1797.2688
101721,RPC,DSDP S.289 659 M,limestone,0.9902,2.4241,1820.5338
101722,RPC,DSDP S.289 659 M,limestone,0.9902,2.5003,1905.3132
101723,RPC,DSDP S.289 666 M,limestone,0.8825,2.5613,1865.1871
101724,RPC,DSDP S.289 666 M,limestone,0.7966,2.932,1866.0056
101725,RPC,DSDP S.289 697 M,limestone,0.9255,2.4888,1827.4868
101726,RPC,DSDP S.289 697 M,limestone,0.9472,2.4773,1776.6837
101727,RPC,DSDP S.289 705 M,limestone,0.8934,2.5421,1952.3179
101728,RPC,DSDP S.289 705 M,limestone,0.915,2.6113,1905.4911
101730,RPC,DSDP S.289 714 M,limestone,0.9472,2.4548,1978.0624
101733,RPC,DSDP S.289 736 M,limestone,0.8504,2.5317,1844.7465
101734,RPC,DSDP S.289 736 M,limestone,0.9255,2.5236,1853.0881
101736,RPC,DSDP S.289 742 M,limestone,0.7749,2.7642,1808.6158
101737,RPC,DSDP S.289 780 M,limestone,1.0656,2.1312,1918.8206
101738,RPC,DSDP S.289 780 M,limestone,0.9902,2.4569,1999.4379
101739,RPC,DSDP S.289 789 M,limestone,0.9902,2.272,1890.8555
101740,RPC,DSDP S.289 789 M,limestone,0.9902,2.3698,1913.8919
101741,RPC,DSDP S.289 799 M,limestone,1.0226,2.2737,1923.0994
101742,RPC,DSDP S.289 799 M,limestone,1.0118,2.3616,1880.4288
101743,RPC,DSDP S.289 828 M,limestone,1.2162,2.1594,1795
101744,RPC,DSDP S.289 828 M,limestone,1.1949,2.2161,1815
101745,RPC,DSDP S.289 847 M,limestone,1.1194,2.25,1888.9508
101746,RPC,DSDP S.289 847 M,limestone,1.1411,2.2921,1917
101747,RPC,DSDP S.289 895 M,limestone,0.9255,2.5236,1928.2965
101748,RPC,DSDP S.289 895 M,limestone,0.9364,2.6209,1899.3583
101749,RPC,DSDP S.289 904 M,limestone,0.8179,2.8295,1869.1278
101750,RPC,DSDP S.289 904 M,limestone,0.8396,2.8206,1891
101751,RPC,DSDP S.289 913 M,limestone,1.27,2.0512,1953
101752,RPC,DSDP S.289 913 M,limestone,1.3133,2.0572,1913.6056
101753,RPC,DSDP S.289 916 M,limestone,0.9688,2.6441,1821.9004
101754,RPC,DSDP S.289 916 M,limestone,0.9688,2.5774,1844.4359
101755,RPC,DSDP S.289 924 M,limestone,1.3025,2.0413,1998.0618
101756,RPC,DSDP S.289 924 M,limestone,1.2487,2.1724,1913.8808
101757,RPC,DSDP S.289 933 M,limestone,1.2487,2.2239,1950.2758
101758,RPC,DSDP S.289 933 M,limestone,1.227,2.2984,1906.7763
101759,RPC,DSDP S.289 941 M,limestone,1.27,2.1442,1942.4251
101760,RPC,DSDP S.289 941 M,limestone,1.2487,2.1463,1938.0798
101761,RPC,DSDP S.289 951 M,limestone,0.9472,2.4773,1957.4031
101762,RPC,DSDP S.289 951 M,limestone,0.9255,2.6168,1956.3058
101763,RPC,DSDP S.289 953 M,limestone,1.1411,2.3772,1974.9898
101764,RPC,DSDP S.289 953 M,limestone,1.1411,2.4244,1921
101765,RPC,DSDP S.289 961.0M,limestone,0.9472,2.5002,1975
101766,RPC,DSDP S.289 961.0M,limestone,0.9472,2.6592,1983.9844
101767,RPC,DSDP S.289 961.5M,limestone,1.2162,2.1419,2069.1143
101768,RPC,DSDP S.289 961.5M,limestone,1.2487,2.2154,2010.9427
101773,RPC,DSDP S.289 999 M,limestone,1.1194,2.1732,1978.6906
101774,RPC,DSDP S.289 999 M,limestone,1.1411,2.2639,1921.5956
101775,RPC,DSDP S.289 1009.0M,limestone,1.1624,2.2501,1956.4785
101776,RPC,DSDP S.289 1009.0M,limestone,1.1841,2.3635,2033.4676
101777,RPC,DSDP S.289 1009.5M,limestone,1.1949,2.1079,2046.1827
101778,RPC,DSDP S.289 1009.5M,limestone,1.2487,2.1808,2045
101779,RPC,DSDP S.289 1017 M,limestone,1.1411,2.3488,1964.9208
101780,RPC,DSDP S.289 1017 M,limestone,1.1732,2.4678,1961.0775
101783,RPC,DSDP S.289 1027 M,limestone,1.3671,2.2124,2101.2318
101784,RPC,DSDP S.289 1027 M,limestone,1.3993,2.2307,2135.4726
101820,RPC,DSDP S.289 1175 M,limestone,1.2054,2.2324,2090.47
101823,RPC,DSDP S.289 1233 M,limestone,1.5715,1.8288,2160.5141
101824,RPC,DSDP S.289 1233 M,limestone,1.7438,1.8024,2160.7635
102841,RPC,SOLENHOFEN LIMESTONE 69-2,limestone,0.969,1.904,
101127,RPC,PICKETT LIMESTONE,limestone,0.9885,1.9324,
102855,RPC,SOLENHOFEN LIMESTONE 69-2,limestone,3.14,1.8917,
102846,RPC,SOLENHOFEN LIMESTONE 69-2,limestone,0.99,1.9061,
101131,RPC,PICKETT LIMESTONE,limestone,0.9933,1.8622,
101143,RPC,PICKETT LIMESTONE,limestone,3.0869,1.8637,
101145,RPC,PICKETT LIMESTONE,limestone,2.9669,1.9763,
101151,RPC,PICKETT LIMESTONE,limestone,2.8999,1.8784,
101125,RPC,PICKETT LIMESTONE,limestone,1.0014,1.9245,
101117,RPC,PICKETT LIMESTONE,limestone,1.0213,1.9158,
101121,RPC,PICKETT LIMESTONE,limestone,1.0079,1.9237,
101136,RPC,PICKETT LIMESTONE,limestone,3.2277,1.8265,
102847,RPC,SOLENHOFEN LIMESTONE 69-2,limestone,0.99,1.897,
102845,RPC,SOLENHOFEN LIMESTONE 69-2,limestone,0.99,1.9121,
101157,RPC,PICKETT LIMESTONE,limestone,2.6257,1.9604,
101123,RPC,PICKETT LIMESTONE,limestone,1.0161,1.8687,
101122,RPC,PICKETT LIMESTONE,limestone,1.0229,1.8784,
101153,RPC,PICKETT LIMESTONE,limestone,2.8438,1.8914,
102848,RPC,SOLENHOFEN LIMESTONE 69-2,limestone,0.99,1.8879,
101148,RPC,PICKETT LIMESTONE,limestone,2.8517,2.0068,
101135,RPC,PICKETT LIMESTONE,limestone,0.9548,1.8938,
101144,RPC,PICKETT LIMESTONE,limestone,3.0371,1.8743,
101154,RPC,PICKETT LIMESTONE,limestone,2.8012,1.878,
101159,RPC,PICKETT LIMESTONE,limestone,2.5636,1.8816,
101155,RPC,PICKETT LIMESTONE,limestone,2.7523,1.9113,
102854,RPC,SOLENHOFEN LIMESTONE 69-2,limestone,0.948,1.9114,
101146,RPC,PICKETT LIMESTONE,limestone,2.9498,1.9931,
101164,RPC,PICKETT LIMESTONE,limestone,2.3606,1.8598,
102853,RPC,SOLENHOFEN LIMESTONE 69-2,limestone,0.954,2.0755,
101124,RPC,PICKETT LIMESTONE,limestone,1.0062,1.8816,
102844,RPC,SOLENHOFEN LIMESTONE 69-2,limestone,0.987,1.921,
101152,RPC,PICKETT LIMESTONE,limestone,2.8635,1.8739,
101126,RPC,PICKETT LIMESTONE,limestone,0.9997,1.9164,
101129,RPC,PICKETT LIMESTONE,limestone,0.9933,1.8893,
101149,RPC,PICKETT LIMESTONE,limestone,2.9163,1.8774,
101163,RPC,PICKETT LIMESTONE,limestone,2.3878,1.9251,
101150,RPC,PICKETT LIMESTONE,limestone,2.9039,1.8902,
101130,RPC,PICKETT LIMESTONE,limestone,0.9838,1.9077,
101138,RPC,PICKETT LIMESTONE,limestone,0.9417,1.9149,
101142,RPC,PICKETT LIMESTONE,limestone,3.0686,1.9212,
101118,RPC,PICKETT LIMESTONE,limestone,1.0145,1.9227,
101162,RPC,PICKETT LIMESTONE,limestone,2.4741,1.8861,
102842,RPC,SOLENHOFEN LIMESTONE 69-2,limestone,0.978,1.9172,
102852,RPC,SOLENHOFEN LIMESTONE 69-2,limestone,0.957,1.9028,
102843,RPC,SOLENHOFEN LIMESTONE 69-2,limestone,0.984,1.9207,
101141,RPC,PICKETT LIMESTONE,limestone,3.0823,1.9179,
101134,RPC,PICKETT LIMESTONE,limestone,0.9578,1.9149,
101119,RPC,PICKETT LIMESTONE,limestone,1.0145,1.9227,
102242,RPC,R.PRICE 10921.5 #43,dolomite,2.5558,1.6688,2318.2
102096,RPC,R.PRICE 10889.5 #13,dolomite,3.4449,1.6571,2705.9
102196,RPC,R.PRICE 10913.5 #35,dolomite,2.8412,1.709,2435.4
102071,RPC,R.PRICE 10883.5 #7,dolomite,3.0348,1.6432,2573.3
102089,RPC,R.PRICE 10883.5 #7,dolomite,3.0709,1.8056,2560
102081,RPC,R.PRICE 10883.5 #7,dolomite,2.7329,1.8247,2544.2
102256,RPC,R.PRICE 10921.5 #43,dolomite,2.4311,1.8354,2310.8
102150,RPC,R.PRICE 10901.5 #25,dolomite,2.8018,1.8618,2480.7
102267,RPC,R.PRICE 10926.5 #48,dolomite,3.3793,1.7087,2580.4
102221,RPC,R.PRICE 10916.5 #38,dolomite,2.9954,1.7634,2469.3
102116,RPC,R.PRICE 10890.5 #14,dolomite,3.4449,1.6667,2683.9
102274,RPC,R.PRICE 10926.5 #48,dolomite,3.2218,1.7821,2533.9
102249,RPC,R.PRICE 10921.5 #43,dolomite,2.0833,1.9213,2388.2
102140,RPC,R.PRICE 10901.5 #25,dolomite,2.9626,1.7054,2539.5
102121,RPC,R.PRICE 10890.5 #14,dolomite,3.1726,1.6753,2636.7
102264,RPC,R.PRICE 10926.5 #48,dolomite,3.3136,1.6832,2569.1
102180,RPC,R.PRICE 10909.5 #31,dolomite,2.7658,1.6726,2364.7
102297,RPC,R.PRICE 10928.5 #50,dolomite,2.4344,1.8598,2299.2
102141,RPC,R.PRICE 10901.5 #25,dolomite,3.1365,1.6946,2572.2
102215,RPC,R.PRICE 10913.5 #35,dolomite,3.0282,1.8527,2417.9
102224,RPC,R.PRICE 10916.5 #38,dolomite,3.0118,1.7429,2398.4
102272,RPC,R.PRICE 10926.5 #48,dolomite,3.2316,1.7665,2585.7
102135,RPC,R.PRICE 10901.5 #25,dolomite,2.874,1.6324,2562.8
102094,RPC,R.PRICE 10889.5 #13,dolomite,3.4121,1.6635,2690.4
102142,RPC,R.PRICE 10901.5 #25,dolomite,2.5886,1.6984,2518.2
102152,RPC,R.PRICE 10901.5 #25,dolomite,2.9626,1.8494,2486
102091,RPC,R.PRICE 10889.5 #13,dolomite,3.1234,1.6702,2666.7
102222,RPC,R.PRICE 10916.5 #38,dolomite,2.9987,1.7505,2474.5
102227,RPC,R.PRICE 10916.5 #38,dolomite,2.6017,1.8915,2390.8
102093,RPC,R.PRICE 10889.5 #13,dolomite,3.3465,1.6667,2674.7
102136,RPC,R.PRICE 10901.5 #25,dolomite,2.9429,1.6945,2564.5
102298,RPC,R.PRICE 10928.5 #50,dolomite,2.5295,1.8288,2262.2
102144,RPC,R.PRICE 10901.5 #25,dolomite,2.6575,1.8642,2545.1
102248,RPC,R.PRICE 10921.5 #43,dolomite,1.916,1.8836,2357.6
102087,RPC,R.PRICE 10883.5 #7,dolomite,2.8904,1.8388,2606.9
102197,RPC,R.PRICE 10913.5 #35,dolomite,2.9167,1.721,2437
102206,RPC,R.PRICE 10913.5 #35,dolomite,2.5787,1.9466,2444.7
102250,RPC,R.PRICE 10921.5 #43,dolomite,2.1916,1.9311,2368.1
102228,RPC,R.PRICE 10916.5 #38,dolomite,2.7198,1.8456,2415.1
102205,RPC,R.PRICE 10913.5 #35,dolomite,2.8281,1.7285,2453.3
102187,RPC,R.PRICE 10909.5 #31,dolomite,2.4573,1.8558,2338.6
102278,RPC,R.PRICE 10926.5 #48,dolomite,3.3136,1.7822,2576.3
102165,RPC,R.PRICE 10908.5 #30,dolomite,2.4672,1.8351,2342.2
102266,RPC,R.PRICE 10926.5 #48,dolomite,3.3136,1.6832,2570.8
102133,RPC,R.PRICE 10901.5 #25,dolomite,2.5623,1.6901,2547.2
102146,RPC,R.PRICE 10901.5 #25,dolomite,2.8478,1.8433,2485.2
102095,RPC,R.PRICE 10889.5 #13,dolomite,3.4121,1.6827,2669
102212,RPC,R.PRICE 10913.5 #35,dolomite,3.0282,1.7768,2397.9
102203,RPC,R.PRICE 10913.5 #35,dolomite,3.0381,1.7279,2437.5
102231,RPC,R.PRICE 10916.5 #38,dolomite,2.8478,1.8548,2455.7
102263,RPC,R.PRICE 10926.5 #48,dolomite,3.3136,1.6832,2553.3
102167,RPC,R.PRICE 10908.5 #30,dolomite,2.6608,1.8249,2427.7
102245,RPC,R.PRICE 10921.5 #43,dolomite,2.5591,1.6667,2338.8
102073,RPC,R.PRICE 10883.5 #7,dolomite,3.1398,1.651,2547.8
102084,RPC,R.PRICE 10883.5 #7,dolomite,2.8937,1.8481,2523.7
102114,RPC,R.PRICE 10890.5 #14,dolomite,3.3136,1.6535,2609.4
102299,RPC,R.PRICE 10928.5 #50,dolomite,2.5787,1.8321,2311
102234,RPC,R.PRICE 10916.5 #38,dolomite,2.8543,1.8506,2398.4
102204,RPC,R.PRICE 10913.5 #35,dolomite,3.1923,1.7266,2416.2
102147,RPC,R.PRICE 10901.5 #25,dolomite,2.8412,1.8591,2499
102192,RPC,R.PRICE 10909.5 #31,dolomite,2.5919,1.7975,2397.8
102145,RPC,R.PRICE 10901.5 #25,dolomite,2.7428,1.8541,2547
102082,RPC,R.PRICE 10883.5 #7,dolomite,2.7986,1.8406,2581.3
102294,RPC,R.PRICE 10928.5 #50,dolomite,2.4409,1.8683,2337
102283,RPC,R.PRICE 10928.5 #50,dolomite,2.605,1.7128,2300.8
102283,RPC,R.PRICE 10928.5 #50,dolomite,2.605,1.7128,2300.8
102177,RPC,R.PRICE 10909.5 #31,dolomite,2.7165,1.6304,2413
102158,RPC,R.PRICE 10908.5 #30,dolomite,2.792,1.6686,2417
102270,RPC,R.PRICE 10926.5 #48,dolomite,3.1398,1.7555,2585.4
102118,RPC,R.PRICE 10890.5 #14,dolomite,3.4777,1.6509,2665.6
102156,RPC,R.PRICE 10908.5 #30,dolomite,2.687,1.6606,2350.4
102255,RPC,R.PRICE 10921.5 #43,dolomite,2.3228,1.8785,2348.8
102289,RPC,R.PRICE 10928.5 #50,dolomite,2.3655,1.6921,2331.2
102289,RPC,R.PRICE 10928.5 #50,dolomite,2.3655,1.6921,2331.2
102169,RPC,R.PRICE 10908.5 #30,dolomite,2.6575,1.8272,2415
102169,RPC,R.PRICE 10908.5 #30,dolomite,2.6575,1.8272,2415
102195,RPC,R.PRICE 10909.5 #31,dolomite,2.313,1.8298,2330.9
102080,RPC,R.PRICE 10883.5 #7,dolomite,2.6476,1.8092,2552.3
102260,RPC,R.PRICE 10926.5 #48,dolomite,3.2251,1.6785,2563.7
102173,RPC,R.PRICE 10908.5 #30,dolomite,2.815,1.8415,2396.8
102134,RPC,R.PRICE 10901.5 #25,dolomite,2.7493,1.6468,2539.9
102076,RPC,R.PRICE 10883.5 #7,dolomite,3.1529,1.6545,2588.7
102170,RPC,R.PRICE 10908.5 #30,dolomite,2.6542,1.8294,2382.8
102240,RPC,R.PRICE 10921.5 #43,dolomite,2.3884,1.6758,2351.1
102209,RPC,R.PRICE 10913.5 #35,dolomite,2.9495,1.802,2480
102202,RPC,R.PRICE 10913.5 #35,dolomite,3.0282,1.7335,2409.9
102072,RPC,R.PRICE 10883.5 #7,dolomite,3.0676,1.6578,2555.6
102162,RPC,R.PRICE 10908.5 #30,dolomite,2.9232,1.7172,2426.3
102100,RPC,R.PRICE 10889.5 #13,dolomite,3.1627,1.6805,2654.8
102083,RPC,R.PRICE 10883.5 #7,dolomite,2.9003,1.8439,2550.4
102148,RPC,R.PRICE 10901.5 #25,dolomite,2.8117,1.867,2512
102168,RPC,R.PRICE 10908.5 #30,dolomite,2.6608,1.8249,2424.8
102153,RPC,R.PRICE 10901.5 #25,dolomite,2.4869,1.9261,2563.5
102079,RPC,R.PRICE 10883.5 #7,dolomite,2.8937,1.678,2553.4
102300,RPC,R.PRICE 10928.5 #50,dolomite,2.1785,1.8675,2265.8
102155,RPC,R.PRICE 10908.5 #30,dolomite,2.6509,1.6337,2385.9
102273,RPC,R.PRICE 10926.5 #48,dolomite,3.2251,1.7701,2601.3
102113,RPC,R.PRICE 10890.5 #14,dolomite,3.248,1.6667,2658.7
102262,RPC,R.PRICE 10926.5 #48,dolomite,3.2808,1.7,2604.2
102193,RPC,R.PRICE 10909.5 #31,dolomite,2.6968,1.7762,2378
102291,RPC,R.PRICE 10928.5 #50,dolomite,2.1883,1.934,2302.9
102151,RPC,R.PRICE 10901.5 #25,dolomite,2.9199,1.8539,2572.1
102293,RPC,R.PRICE 10928.5 #50,dolomite,2.4311,1.8758,2288.8
102238,RPC,R.PRICE 10921.5 #43,dolomite,2.2178,1.6124,2382.6
102233,RPC,R.PRICE 10916.5 #38,dolomite,2.8478,1.8433,2391.9
102166,RPC,R.PRICE 10908.5 #30,dolomite,2.5591,1.8333,2405.5
102230,RPC,R.PRICE 10916.5 #38,dolomite,2.8412,1.836,2427.4
102218,RPC,R.PRICE 10916.5 #38,dolomite,2.8674,1.7277,2452.7
102288,RPC,R.PRICE 10928.5 #50,dolomite,2.7264,1.7208,2348.6
102286,RPC,R.PRICE 10928.5 #50,dolomite,2.6017,1.715,2272.6
102137,RPC,R.PRICE 10901.5 #25,dolomite,2.9265,1.7265,2528.2
102259,RPC,R.PRICE 10926.5 #48,dolomite,2.8281,1.9026,2554
102219,RPC,R.PRICE 10916.5 #38,dolomite,2.9429,1.7168,2468.8
102092,RPC,R.PRICE 10889.5 #13,dolomite,3.2808,1.67,2739.8
102281,RPC,R.PRICE 10928.5 #50,dolomite,2.4541,1.7112,2325.5
102214,RPC,R.PRICE 10913.5 #35,dolomite,2.9757,1.8412,2473.4
102214,RPC,R.PRICE 10913.5 #35,dolomite,2.9757,1.8412,2473.4
102111,RPC,R.PRICE 10889.5 #13,dolomite,2.897,2.0045,2705.6
102077,RPC,R.PRICE 10883.5 #7,dolomite,3.1562,1.6632,2558.6
102246,RPC,R.PRICE 10921.5 #43,dolomite,2.7329,1.6567,2368.7
102188,RPC,R.PRICE 10909.5 #31,dolomite,2.5886,1.8124,2393.5
102160,RPC,R.PRICE 10908.5 #30,dolomite,2.7592,1.7004,2437.8
102243,RPC,R.PRICE 10921.5 #43,dolomite,2.5787,1.6539,2326.8
102223,RPC,R.PRICE 10916.5 #38,dolomite,3.0053,1.7358,2474.3
102070,RPC,R.PRICE 10883.5 #7,dolomite,2.9232,1.6498,2597
102124,RPC,R.PRICE 10890.5 #14,dolomite,3.2185,1.8451,2667.9
102208,RPC,R.PRICE 10913.5 #35,dolomite,2.8215,1.8372,2445.6
102112,RPC,R.PRICE 10890.5 #14,dolomite,3.1693,1.6874,2681.3
102115,RPC,R.PRICE 10890.5 #14,dolomite,3.4449,1.6667,2636.1
102164,RPC,R.PRICE 10908.5 #30,dolomite,2.3392,1.8233,2376.3
102097,RPC,R.PRICE 10889.5 #13,dolomite,3.4449,1.6571,2678.6
102265,RPC,R.PRICE 10926.5 #48,dolomite,3.3136,1.6931,2559.2
102268,RPC,R.PRICE 10926.5 #48,dolomite,3.1693,1.6874,2514.7
102220,RPC,R.PRICE 10916.5 #38,dolomite,3.002,1.7486,2477.3
102184,RPC,R.PRICE 10909.5 #31,dolomite,2.4803,1.6402,2330.1
102190,RPC,R.PRICE 10909.5 #31,dolomite,2.5886,1.8124,2342.8
102276,RPC,R.PRICE 10926.5 #48,dolomite,3.2119,1.7773,2575.6
102185,RPC,R.PRICE 10909.5 #31,dolomite,2.1982,1.9105,2394.2
102292,RPC,R.PRICE 10928.5 #50,dolomite,2.3491,1.8715,2263.4
102285,RPC,R.PRICE 10928.5 #50,dolomite,2.6116,1.7211,2357.6
102207,RPC,R.PRICE 10913.5 #35,dolomite,2.71,1.9007,2470.4
102176,RPC,R.PRICE 10909.5 #31,dolomite,2.6804,1.5912,2377.4
102159,RPC,R.PRICE 10908.5 #30,dolomite,2.7789,1.6883,2360.9
102182,RPC,R.PRICE 10909.5 #31,dolomite,2.7658,1.6845,2344.9
102252,RPC,R.PRICE 10921.5 #43,dolomite,2.3064,1.8919,2343.8
102290,RPC,R.PRICE 10928.5 #50,dolomite,2.1293,1.8952,2316.8
102179,RPC,R.PRICE 10909.5 #31,dolomite,2.7658,1.6607,2343.8
102078,RPC,R.PRICE 10883.5 #7,dolomite,3.2677,1.6767,2609.8
102237,RPC,R.PRICE 10916.5 #38,dolomite,2.5623,1.9334,2404.2
102101,RPC,R.PRICE 10889.5 #13,dolomite,2.9265,2.0291,2705.1
102277,RPC,R.PRICE 10926.5 #48,dolomite,3.2808,1.77,2539.9
102210,RPC,R.PRICE 10913.5 #35,dolomite,2.956,1.8202,2482.5
102139,RPC,R.PRICE 10901.5 #25,dolomite,2.9528,1.7111,2569.8
102271,RPC,R.PRICE 10926.5 #48,dolomite,3.1693,1.7598,2608.4
102251,RPC,R.PRICE 10921.5 #43,dolomite,2.313,1.9007,2329.1
102200,RPC,R.PRICE 10913.5 #35,dolomite,3.0315,1.7316,2434.6
102117,RPC,R.PRICE 10890.5 #14,dolomite,3.4449,1.6762,2635.8
102189,RPC,R.PRICE 10909.5 #31,dolomite,2.582,1.8043,2322.5
102287,RPC,R.PRICE 10928.5 #50,dolomite,2.6116,1.7337,2319.1
102103,RPC,R.PRICE 10889.5 #13,dolomite,3.3793,1.7573,2701.2
102257,RPC,R.PRICE 10921.5 #43,dolomite,2.4737,1.8568,2317.1
102154,RPC,R.PRICE 10908.5 #30,dolomite,2.5886,1.6223,2392.8
102216,RPC,R.PRICE 10913.5 #35,dolomite,2.582,1.9314,2467.5
102226,RPC,R.PRICE 10916.5 #38,dolomite,2.7723,1.7396,2400.5
102132,RPC,R.PRICE 10890.5 #14,dolomite,2.8281,2.0186,2614.8
102181,RPC,R.PRICE 10909.5 #31,dolomite,2.769,1.6706,2341.5
102090,RPC,R.PRICE 10883.5 #7,dolomite,2.6706,1.8428,2600.9
102157,RPC,R.PRICE 10908.5 #30,dolomite,2.7723,1.6568,2384.7
102161,RPC,R.PRICE 10908.5 #30,dolomite,2.7953,1.6784,2350.4
102211,RPC,R.PRICE 10913.5 #35,dolomite,2.9856,1.8022,2445.6
102172,RPC,R.PRICE 10908.5 #30,dolomite,2.7362,1.8345,2433.1
102123,RPC,R.PRICE 10890.5 #14,dolomite,3.1759,1.8182,2658.4
102244,RPC,R.PRICE 10921.5 #43,dolomite,2.582,1.6518,2386.2
102075,RPC,R.PRICE 10883.5 #7,dolomite,3.143,1.6597,2604.8
102098,RPC,R.PRICE 10889.5 #13,dolomite,3.4449,1.6762,2670.5
102247,RPC,R.PRICE 10921.5 #43,dolomite,2.208,1.5899,2371.3
102217,RPC,R.PRICE 10916.5 #38,dolomite,2.7625,1.7102,2441.6
102236,RPC,R.PRICE 10916.5 #38,dolomite,2.9757,1.8302,2489.2
102085,RPC,R.PRICE 10883.5 #7,dolomite,2.8937,1.8367,2603.3
102235,RPC,R.PRICE 10916.5 #38,dolomite,2.9232,1.8406,2410.9
102183,RPC,R.PRICE 10909.5 #31,dolomite,2.897,1.6988,2366.7
102143,RPC,R.PRICE 10901.5 #25,dolomite,2.4409,1.9489,2524.8
102163,RPC,R.PRICE 10908.5 #30,dolomite,2.5689,1.6347,2399.7
102175,RPC,R.PRICE 10909.5 #31,dolomite,2.4606,1.64,2381.4
102261,RPC,R.PRICE 10926.5 #48,dolomite,3.2579,1.6818,2549.5
102284,RPC,R.PRICE 10928.5 #50,dolomite,2.605,1.7254,2313.5
102232,RPC,R.PRICE 10916.5 #38,dolomite,2.8445,1.8454,2463.3
102138,RPC,R.PRICE 10901.5 #25,dolomite,2.9167,1.721,2511.7
102074,RPC,R.PRICE 10883.5 #7,dolomite,3.1365,1.6632,2549.3
102171,RPC,R.PRICE 10908.5 #30,dolomite,2.6608,1.8249,2375.2
102102,RPC,R.PRICE 10889.5 #13,dolomite,3.3465,1.7745,2652.9
102119,RPC,R.PRICE 10890.5 #14,dolomite,3.4121,1.6827,2592.1
102186,RPC,R.PRICE 10909.5 #31,dolomite,2.3556,1.8802,2332.6
102149,RPC,R.PRICE 10901.5 #25,dolomite,2.7953,1.8662,2549.3
102258,RPC,R.PRICE 10921.5 #43,dolomite,2.0112,1.7781,2354
102229,RPC,R.PRICE 10916.5 #38,dolomite,2.7723,1.8462,2398.8
102279,RPC,R.PRICE 10926.5 #48,dolomite,2.7395,2,2530
102296,RPC,R.PRICE 10928.5 #50,dolomite,2.4213,1.8699,2316.1
102174,RPC,R.PRICE 10908.5 #30,dolomite,2.2933,1.9027,2420.4
102178,RPC,R.PRICE 10909.5 #31,dolomite,2.7592,1.6766,2414
102225,RPC,R.PRICE 10916.5 #38,dolomite,3.1168,1.7474,2475.7
102088,RPC,R.PRICE 10883.5 #7,dolomite,2.9987,1.8162,2521.1
102213,RPC,R.PRICE 10913.5 #35,dolomite,2.9331,1.8233,2470.8
102086,RPC,R.PRICE 10883.5 #7,dolomite,2.897,1.846,2549.2